<?xml version="1.0" encoding="UTF-8"?>
<root>
  <item name="com.serenegiant.glutils.AbstractRendererHolder int getMirror()">
    <annotation name="android.support.annotation.IntDef">
      <val name="value" val="{com.serenegiant.glutils.IRendererCommon.MIRROR_NORMAL, com.serenegiant.glutils.IRendererCommon.MIRROR_HORIZONTAL, com.serenegiant.glutils.IRendererCommon.MIRROR_VERTICAL, com.serenegiant.glutils.IRendererCommon.MIRROR_BOTH}" />
    </annotation>
  </item>
  <item name="com.serenegiant.glutils.AbstractRendererHolder void setMirror(int) 0">
    <annotation name="android.support.annotation.IntDef">
      <val name="value" val="{com.serenegiant.glutils.IRendererCommon.MIRROR_NORMAL, com.serenegiant.glutils.IRendererCommon.MIRROR_HORIZONTAL, com.serenegiant.glutils.IRendererCommon.MIRROR_VERTICAL, com.serenegiant.glutils.IRendererCommon.MIRROR_BOTH}" />
    </annotation>
  </item>
  <item name="com.serenegiant.glutils.AbstractRendererHolder.BaseRendererTask int mirror()">
    <annotation name="android.support.annotation.IntDef">
      <val name="value" val="{com.serenegiant.glutils.IRendererCommon.MIRROR_NORMAL, com.serenegiant.glutils.IRendererCommon.MIRROR_HORIZONTAL, com.serenegiant.glutils.IRendererCommon.MIRROR_VERTICAL, com.serenegiant.glutils.IRendererCommon.MIRROR_BOTH}" />
    </annotation>
  </item>
  <item name="com.serenegiant.glutils.AbstractRendererHolder.BaseRendererTask mMirror">
    <annotation name="android.support.annotation.IntDef">
      <val name="value" val="{com.serenegiant.glutils.IRendererCommon.MIRROR_NORMAL, com.serenegiant.glutils.IRendererCommon.MIRROR_HORIZONTAL, com.serenegiant.glutils.IRendererCommon.MIRROR_VERTICAL, com.serenegiant.glutils.IRendererCommon.MIRROR_BOTH}" />
    </annotation>
  </item>
  <item name="com.serenegiant.glutils.IRendererCommon int getMirror()">
    <annotation name="android.support.annotation.IntDef">
      <val name="value" val="{com.serenegiant.glutils.IRendererCommon.MIRROR_NORMAL, com.serenegiant.glutils.IRendererCommon.MIRROR_HORIZONTAL, com.serenegiant.glutils.IRendererCommon.MIRROR_VERTICAL, com.serenegiant.glutils.IRendererCommon.MIRROR_BOTH}" />
    </annotation>
  </item>
  <item name="com.serenegiant.glutils.IRendererCommon void setMirror(int) 0">
    <annotation name="android.support.annotation.IntDef">
      <val name="value" val="{com.serenegiant.glutils.IRendererCommon.MIRROR_NORMAL, com.serenegiant.glutils.IRendererCommon.MIRROR_HORIZONTAL, com.serenegiant.glutils.IRendererCommon.MIRROR_VERTICAL, com.serenegiant.glutils.IRendererCommon.MIRROR_BOTH}" />
    </annotation>
  </item>
  <item name="com.serenegiant.glutils.IRendererCommon.MirrorMode">
    <annotation name="android.support.annotation.IntDef">
      <val name="value" val="{com.serenegiant.glutils.IRendererCommon.MIRROR_NORMAL, com.serenegiant.glutils.IRendererCommon.MIRROR_HORIZONTAL, com.serenegiant.glutils.IRendererCommon.MIRROR_VERTICAL, com.serenegiant.glutils.IRendererCommon.MIRROR_BOTH}" />
    </annotation>
  </item>
</root>

